"Klobuchar","Klobuchar_office","1083740768529989632","2019-01-11 15:01:48","Sen. Klobuchar met with Attorney General Nominee William Barr yesterday. Barr committed to recusing himself from the Justice Department‚Äôs review of the proposed AT&amp;T and Time Warner merger. Read Sen. Klobuchar's full statement: https://t.co/51VsOGWGZY","","15","47"
"Klobuchar","Klobuchar_office","1083129118303141890","2019-01-09 22:31:20","WATCH: Sen. Klobuchar spoke on the Senate floor yesterday about ending the government #Shutdown https://t.co/W5whQYrXX2","","53","168"
"Klobuchar","Klobuchar_office","1083103921323888641","2019-01-09 20:51:12","This is about a woman from Crystal, Minnesota who is ‚Äúpractically going without food‚Äù to pay for her prescriptions. No one should be forced to make a decision between food and life-saving medications. I‚Äôm fighting for the better deal Americans deserve.‚ÄîAK https://t.co/fZFDnxNdMj","","44","192"
"Klobuchar","Klobuchar_office","1082357894245429248","2019-01-07 19:26:45","In the 116th Congress, Sen. Klobuchar will continue push for new privacy protections like requiring tech companies to use plain language when explaining how consumer data will be used and allow people to opt out of having their data collected altogether: https://t.co/UiteDHPJCm","","10","64"
"Klobuchar","Klobuchar_office","1081316720780955648","2019-01-04 22:29:30","A new Congress presents the opportunity to get things done to support Minnesota workers and businesses and to continue building on the progress we have made. Read about my priorities for Northern Minnesota in the 116th Congress: https://t.co/iFAbSyzLbd","","18","89"
"Klobuchar","Klobuchar_office","1081281636271038465","2019-01-04 20:10:05","Allowing more competition when developing critical medications will help drive down prices, providing patients greater access to the medicine they need. Sen. Klobuchar's bill w/ @ChuckGrassley will help patients afford their critical medications. https://t.co/JmuxyOsWx8","","8","51"
"Klobuchar","Klobuchar_office","1080953305352884225","2019-01-03 22:25:25","Today, I was sworn in to the new Congress. I have always approached my job with one simple value: putting the people of Minnesota first. I will continue to fight for our state in the Senate and find common ground to move our country forward. ‚ÄìAK https://t.co/DDmKGVEDSa","","30","454"
"Klobuchar","Klobuchar_office","1080923145123573761","2019-01-03 20:25:35","Great to celebrate with @AngieCraigMN and @deanbphillips on their first day in Congress! Looking forward to getting things done together for the people of Minnesota. ‚ÄìAK https://t.co/QtTvn70zQh","","19","165"
"Klobuchar","Klobuchar_office","1080903416346337280","2019-01-03 19:07:11","WATCH: Sen. Klobuchar talks about her swearing in and the new Congress #116thCongress https://t.co/09bnqOrFcf","","8","94"
"Klobuchar","Klobuchar_office","1076240985489854464","2018-12-21 22:20:21","Companies should take responsible steps to safeguard personal information and stop the misuse of users‚Äô data. They should also be held accountable if they fall short. Sen. Klobuchar and @SenBrianSchatz's new bill works to protect people's data online. https://t.co/421rm3g5OC","","16","54"
"Klobuchar","Klobuchar_office","1075076678085427200","2018-12-18 17:13:48","A win for students! At the urging of Sen. Klobuchar &amp; 24 other Senators for greater consumer protection and transparency standards, @usedgov will reset contracting process in overhaul of the NextGen student loan servicing system impacting 42Million federal student loan borrowers. https://t.co/llTc4N53Ma","","11","49"
"Klobuchar","Klobuchar_office","1074784576059383809","2018-12-17 21:53:06","Russia‚Äôs operation to divide Americans &amp; undermine people‚Äôs trust in government was highly sophisticated, coordinated, &amp; well financed. Congress should swiftly pass Sen Klobuchar's Honest Ads Act to bring transparency &amp; accountability to online platforms. https://t.co/0JBxIterBK","","48","123"
"Klobuchar","Klobuchar_office","1074734088651763712","2018-12-17 18:32:28","No serious innovation plan is complete without addressing access to broadband. That's why Sen. Klobuchar worked to pass legislation to study economic benefits of broadband expansion--critical research for policymakers and business leaders alike: https://t.co/tNAx3UPTXY","","10","36"
"Klobuchar","Klobuchar_office","1073699217888198657","2018-12-14 22:00:16","A year after Ajit Pai‚Äôs repeal of #NetNeutrality, big telecoms like AT&amp;T , Verizon, Sprint and T-Mobile are already alleged to have throttled services like Netflix and YouTube. Sen. Klobuchar is fighting to #SaveTheInternet, but Congress needs to come together and act! https://t.co/NvMSPh8vbG","","31","72"
"Klobuchar","Klobuchar_office","1073588791200415744","2018-12-14 14:41:28","You don't need health coverage...until you need it. Don‚Äôt wait, be covered for the what-ifs in life. You must enroll by tomorrow for 2019 coverage. #GetCovered today at https://t.co/DO18CyjpNE where 8 in 10 consumers at qualify for financial help to buy health insurance. https://t.co/VIHOohlZY9","","20","43"
"Klobuchar","Klobuchar_office","1073373286086643713","2018-12-14 00:25:08","WATCH: Sen. Klobuchar talks about the 2018 Farm Bill https://t.co/PeFtkTy8o9","","13","58"
"Klobuchar","Klobuchar_office","1073265175611015169","2018-12-13 17:15:32","WATCH: Sen. Klobuchar speaks on the Senate floor about her bipartisan legislation with @RoyBlunt to reform the process for workplace harassment and discrimination claims in Congress https://t.co/pmSvRfoV7g","","23","93"
"Klobuchar","Klobuchar_office","1072938552458182662","2018-12-12 19:37:39","Yesterday the Senate passed the final Farm Bill. The bill provides a safety net for ranchers and farmers, implements important conservation provisions, and supports our dairy farmers. Sen. Klobuchar has long fought to put priorities of MN farmers first: https://t.co/nawiFDyLRJ","","10","35"
"Klobuchar","Klobuchar_office","1072555418864533506","2018-12-11 18:15:13","The 2018 Farm Bill text has been finalized, and it gives our farmers and ranchers the certainty and support they need to succeed. This bipartisan achievement includes many of Sen. Klobuchar's priorities. Read about the provisions Klobuchar fought for: https://t.co/2mKc6E7sXN","","5","27"
"Klobuchar","Klobuchar_office","1072517046683004931","2018-12-11 15:42:44","Last Congress, Sen. Klobuchar co-led the bipartisan Comprehensive Addiction and Recovery Act encouraging local communities to pursue several strategies in the battle against addiction, including increasing availability of live-saving naloxone: https://t.co/IVUgDAH2wk","","15","34"
"Klobuchar","Klobuchar_office","1072242732356259841","2018-12-10 21:32:43","While the Senate secured additional funding for the creation of a universal flu vaccine, it‚Äôs not nearly enough to get a vaccine over the finish line. We must pass the Klobuchar-backed Flu Vaccine Act to further support this critical research. https://t.co/eKmpGqFAY5","","10","33"
"Klobuchar","Klobuchar_office","1071806481593458688","2018-12-09 16:39:13","This major $20 million investment will modernize Duluth‚Äôs downtown infrastructure, create good-paying jobs, and spur additional investments in the region‚Äôs economy. https://t.co/mvMHe8Axu9","","9","30"
"Klobuchar","Klobuchar_office","1070325062102867968","2018-12-05 14:32:35","WATCH: Sen. Klobuchar honored the life and legacy of former President George H. W. Bush on the Senate floor yesterday https://t.co/vhrGvYRZ9N","","18","87"
"Klobuchar","Klobuchar_office","1070080032897462274","2018-12-04 22:18:55","We need 21st century infrastructure that meets the demands of our 21st century economy. Sen. Klobuchar joined local officials last week to celebrate SWLRT groundbreaking--a critical investment that improves economic opportunities and raises the quality of life for Minnesotans. https://t.co/hnlah269oh","","11","49"
"Klobuchar","Klobuchar_office","1069630231999324167","2018-12-03 16:31:34","During a visit to @StPaulCollege, Sen. Klobuchar spoke with @SkillsUSAMN leaders about the need to better promote career and tech education in high schools so students better understand career options. The Klobuchar-backed Perkins Act directs $17.6 mil to bolster efforts in MN. https://t.co/Rv0tPXQFo0","","4","25"
"Klobuchar","Klobuchar_office","1069320199499857921","2018-12-02 19:59:37","WATCH: Sen. Klobuchar talks about the new climate change report released last week and the need to take action https://t.co/LbFcZYm4VE","","31","109"
"Klobuchar","Klobuchar_office","1068633946706141186","2018-11-30 22:32:41","Our tax laws should encourage US companies to keep #jobs here, not send them abroad. The new tax law actually created an incentive to move jobs abroad to take advantage of tax havens. Sen Klobuchar introduced a bill to close that loophole &amp; protect US jobs https://t.co/c5KGtHJcvY","","18","60"
"Klobuchar","Klobuchar_office","1068589852285968384","2018-11-30 19:37:28","The renewable fuel industry supports hundreds of thousands of jobs throughout the U.S. and cuts our reliance on foreign oil. Today's #EPA announcement of Renewable Fuel Standards (RFS) for 2019 ignores small refinery waiver misuse that undermines RFS. https://t.co/2OnMyy3oBO","","10","19"
"Klobuchar","Klobuchar_office","1068257991873441792","2018-11-29 21:38:47","WATCH: Sen. Klobuchar spoke on the Senate floor to discuss today‚Äôs announcement that a tentative deal has been reached on the Farm Bill https://t.co/YgOv88H1xx","","9","62"
"Klobuchar","Klobuchar_office","1068213274477584384","2018-11-29 18:41:05","Minnesota has businesses that need workers and workers that need jobs. But oftentimes their skills just aren‚Äôt matching up. Sen. Klobuchar toured @StPaulCollege w/@MayorCarter_ last week to discuss Klobuchar-backed Perkins Act helping to fix the shortage of skilled workers. https://t.co/V2Qy3ki8fH","","5","37"
"Klobuchar","Klobuchar_office","1067550022210908161","2018-11-27 22:45:34","WATCH: Sen. Klobuchar spoke on the Senate Floor today about the horrific murder of Jamal Khashoggi https://t.co/uZ2GuzvLXh","","47","184"
"Klobuchar","Klobuchar_office","1067525910214131720","2018-11-27 21:09:45","Last week, Sen. Klobuchar joined @JCRCMINNDAK to recognize the 40th anniversary of Arab-Israeli peace talks at Camp David and the pivotal role Vice President Mondale played in brokering a peace treaty, setting a precedent for future peace agreements in the Middle East. https://t.co/YRLAjY5E52","","0","11"
"Klobuchar","Klobuchar_office","1067180004507820034","2018-11-26 22:15:14","Chronic Wasting Disease poses a serious risk to both Minnesota's economy and our way of life. Sen. Klobuchar was joined by experts from @mndnr and @MNDeerHunters yesterday to call for a more coordinated federal response to chronic wasting disease. https://t.co/Z482OaE4H8","","6","13"
"Klobuchar","Klobuchar_office","1066723884123201537","2018-11-25 16:02:47","Recent reports show an increase in # of Chronic Wasting Disease (CWD) cases found in Minnesota deer herds, posing a serious threat to Minnesota‚Äôs $1.3 billion sporting industry. Sen. Klobuchar is urging the @USDA and @Interior to examine rise in CWD: https://t.co/xv5vJFYkc7","","2","11"
"Klobuchar","Klobuchar_office","1066440717931827200","2018-11-24 21:17:35","Minnesota is home to more than 500,000 small businesses, employing more than 1.2 million people and accounting for nearly 50 percent of the state‚Äôs private sector jobs. Sen. Klobuchar celebrated #SmallBusinessSaturday at @GlamDollDonuts and @Urban_Violet. #shopsmall https://t.co/P6zxKGA1xX","","4","59"
"Klobuchar","Klobuchar_office","1066003050899402752","2018-11-23 16:18:27","#BlackFriday prices are low, but Americans, on average, pay the highest Rx drug prices in the world. It shouldn't be that way. Sen Klobuchar's bipartisan Preserve Access to Affordable Generics Act would increase competition in US Rx markets lowering prices.https://t.co/iqAiJhRWxc","","20","107"
"Klobuchar","Klobuchar_office","1063161883937652737","2018-11-15 20:08:40","Access to comprehensive health care is a challenge for our rural communities. Today is National Rural Health Day, and Sen. Klobuchar is working to expand access to hospitals and doctors to improve health outcomes in our rural communities. #powerofrural https://t.co/lYh1qYk9w8","","13","44"
"Klobuchar","Klobuchar_office","1062447802800840704","2018-11-13 20:51:10","The @NationalService released its annual Volunteering in America report and Minnesota ranks #2 with the Twin Cities ranking as the #1 cities in the nation for volunteering. Whether it‚Äôs voting or volunteering, Minnesotans are engaged in our communities! https://t.co/fCv5hq5Isz https://t.co/RCuyM2Nysh","","15","56"
"Klobuchar","Klobuchar_office","1060662006284476421","2018-11-08 22:35:03","Sen. Klobuchar and @ChuckGrassley urged the President to support bill limiting pharma companies use of ‚Äúpay-for-delay‚Äù lawsuits to send prescription drug prices üìàüìàüìà. This bipartisan bill would make life-saving medications more affordable for patients. https://t.co/iqAiJhRWxc","","30","111"
"Klobuchar","Klobuchar_office","1059571228468486144","2018-11-05 22:20:41","Sen. Klobuchar finished her annual tour of all 87 MN counties in Goodhue Co. to visit new @RedWingIgnite makerspace housed at @MSCSoutheast. She led a discussion w/ educators, students, and local business leaders about steps local orgs are taking to meet regional workforce needs. https://t.co/QHBsIBd9S1","","2","37"
"Klobuchar","Klobuchar_office","1058470645699432448","2018-11-02 21:27:22","Minnesota is home to nearly 500,000 deer hunters and a proud hunting heritage. Wishing everyone headed out for tomorrow's deer opener a safe and successful hunt. Good luck! #HuntMN #DeerCampMN #MNDeerOpener","","9","48"
"Klobuchar","Klobuchar_office","1058434421630623744","2018-11-02 19:03:25","The weather is cooling, but our tech scene is üî•üî•üî• because of events like #TCSW18, @MinnesotaCup, and #BITCon2018. Sen. Klobuchar is supporting our innovators in Washington by working to modernize IP laws and stopping abusive patent trolls. #startups  https://t.co/cwsVKkTyGf","","1","10"
"Klobuchar","Klobuchar_office","1058416614515920897","2018-11-02 17:52:39","The fact that Facebook‚Äôs new security tools allow users to intentionally misidentify who placed political ads is unacceptable. https://t.co/xZzpwey9h0","","9","24"
"Klobuchar","Klobuchar_office","1058127852770680833","2018-11-01 22:45:13",".@ThirdWayEcon‚Äôs recent report ranks four MN communities in the top 15 best places to earn a good life in the U.S., with @MNs_Rochester coming in first. Just another report confirming what we already know: We‚Äôre living the good life in Minnesota. https://t.co/ZgKQyP2yS1","","8","26"
"Klobuchar","Klobuchar_office","1057663655200911362","2018-10-31 16:00:40","Sen Klobuchar's bipartisan recreational trails legislation will help ensure states receive all of the resources they deserve to protect and improve trails for generations to come. #snowmobiling #hiking #mountainbiking #ATVPlay  https://t.co/5jpqzPaPcv https://t.co/0e6cDf8PHS","","4","19"
"Klobuchar","Klobuchar_office","1057651560187129856","2018-10-31 15:12:36","Sen. Klobuchar was at @MTUOE_PR to learn about its partnership w/ @ISD77MAPS high schools. Students earn HS credit while getting training and experience in manufacturing. This unique program helps develop a skilled workforce and is great for students and the economy! #Jobs https://t.co/kU0pUxzb10","","3","11"
"Klobuchar","Klobuchar_office","1056967367341891585","2018-10-29 17:53:52","Sen. Klobuchar met w/ medical experts and families at @childrensmn to discuss her efforts to expedite CDC investigation into #AFM cases affecting 7 MN children. She outlined CDC response and discussed next steps. We need answers, because these kids and their families can't wait. https://t.co/YcYo8OEcp7","","10","27"
"Klobuchar","Klobuchar_office","1055553838638350337","2018-10-25 20:17:01","RT @LindseySeavert: Senator @amyklobuchar speaks at @childrensmn about mystery #AFM illness, holding a roundtable and calling for CDC and f‚Ä¶","","48","0"
"Klobuchar","Klobuchar_office","1055553338182434816","2018-10-25 20:15:01","RT @LindseySeavert: Larey Swanson‚Äôs on was paralyzed from #AFM four years ago, what she believes was the first case of #AFM in Minnesota wh‚Ä¶","","4","0"
"Klobuchar","Klobuchar_office","1055207391980085248","2018-10-24 21:20:21","Sen. Klobuchar is working to have FEMA approve disaster relief funding to Kanabec County following summer flooding that was reported as the worst  in forty years. https://t.co/cKxQCVWno4 https://t.co/bkrKP72vcE","","6","26"
"Klobuchar","Klobuchar_office","1055192410253332480","2018-10-24 20:20:49","Every day, families across Minnesota and the country lose loved ones to the opioid epidemic. Three of Sen. Klobuchar's bipartisan bills to combat the #opioidepidemic have now been signed into law. https://t.co/ZzzOJT1lCA","","5","29"
"Klobuchar","Klobuchar_office","1055122947969564673","2018-10-24 15:44:48","Firefighters run into danger to save lives. In turn, we must protect theirs. #Cancer is the leading cause of line-of-duty deaths for firefighters. Sen. Klobuchar was with Duluth firefighters today to highlight her new Firefighter Cancer Registry Act. https://t.co/zH5HkgHFbj https://t.co/boEL4Sg08X","","20","51"
"Klobuchar","Klobuchar_office","1055122663306338304","2018-10-24 15:43:40","RT @DuluthFire: Look who stopped by Headquarters today! Thanks @amyklobuchar for your strong support and diligent work re: firefighter canc‚Ä¶","","15","0"
"Klobuchar","Klobuchar_office","1054882142034018304","2018-10-23 23:47:56","Sen. Klobuchar toured @fellingtrailers in Litchfield--family-owned since 1974. What started as a small shop has expanded to a 250,000sq ft complex needing skilled workers! Klobuchar has led the fight to increase access to apprenticeships and incentivize hiring trained workers. https://t.co/pgQj7dDD8f","","11","38"
"Klobuchar","Klobuchar_office","1054810845077757953","2018-10-23 19:04:37","Yesterday at @NorthlandCTC, Sen. Klobuchar met with business leaders, educators, and union reps to discuss workforce issues in the region. MN businesses are struggling to find skilled workers--that's why she's worked on legislation to help connect workers w/skills training. #Jobs https://t.co/8wAqm7p5w2","","4","19"
"Klobuchar","Klobuchar_office","1054736203713597440","2018-10-23 14:08:01","MN leads the US in international #adoption. That‚Äôs why Sen. Klobuchar continues to fight for adoptive families and children. Learn more here: https://t.co/ItLag0SzBm https://t.co/1H9Ktn9F48","","5","25"
"Klobuchar","Klobuchar_office","1054559276042215425","2018-10-23 02:24:58","Today Sen. Klobuchar met w/@arcticcat_snow/@TextronOffRoad in Thief River Falls w/Rep. Peterson to hear abt need for skilled employees. Her focus on helping people access the skills they need is a reason she introduced the American Apprenticeship Act.#Jobs https://t.co/Bbnmxz4Rdi https://t.co/eW0nrLbuNp","","9","29"
"Klobuchar","Klobuchar_office","1054466905849901058","2018-10-22 20:17:56","Sen. Klobuchar started her day in @DetroitLakesMN meeting with Mike and Mark, childhood friends and founders of @LsBlue84. She toured the new production facility alongside U.S. Rep. Collin Peterson. What started in Mark‚Äôs parents‚Äô basement now employs 500+ people! #SmallBiz #Jobs https://t.co/Ct9NgBm8SQ","","4","27"
"Klobuchar","Klobuchar_office","1054452463854673920","2018-10-22 19:20:32","Starting in WWII the strong independent spirit of Minnesota has been proudly represented around the world by a naval ship named in honor of the city of #Duluth. Today Sen. Klobuchar asked the #USNavy to name a new ship for the city of Duluth. https://t.co/vuF7gCuP23 https://t.co/TNt93zDVRI","","1","10"
"Klobuchar","Klobuchar_office","1054441237229563905","2018-10-22 18:35:56","Are you celebrating a significant event, like a #GirlScout or #EagleScout award, anniversary, birthday or retirement? You can request a letter of recognition from Sen. Klobuchar! https://t.co/zLAJvDvocH https://t.co/fOmljGcbPp","","6","33"
"Klobuchar","Klobuchar_office","1054425395121000448","2018-10-22 17:32:59","It‚Äôs hard to believe that #Thanksgiving is just one month away. Sen. Klobuchar fought to ensure that whether a person buys tickets directly with an airline or with a third party, they receive the same price disclosures and equal customer service.#TravelTip https://t.co/XhDbOeVxzU https://t.co/cH5cfiqV9R","","4","18"
"Klobuchar","Klobuchar_office","1054417868996120576","2018-10-22 17:03:04","Sen. Klobuchar fought hard to include provisions that protect the #GreatLakes by advancing important flooding and water infrastructure projects and improving the management and eradication of aquatic invasive species like invasive carp and zebra mussels. https://t.co/cBFIday0gI https://t.co/NyCgDMUk4b","","5","22"
"Klobuchar","Klobuchar_office","1054154468328173570","2018-10-21 23:36:25","Sen. Klobuchar and @collinpeterson met with sugar beet growers and leadership from American Crystal Sugar to talk about the need for a bipartisan Farm Bill tonight. Red River Valley had a good week of weather to help beet farmers catch up on this year‚Äôs harvest. #AgTwitter https://t.co/gDLcGBZtt4","","3","19"
"Klobuchar","Klobuchar_office","1053041422285332480","2018-10-18 21:53:34","As a former prosecutor, Sen. Klobuchar knows that behind every unprocessed cold case is a victim seeking justice. #Justice #ThursdayThoughts https://t.co/qQHrg6Cl6I","","8","33"
"Klobuchar","Klobuchar_office","1053015942538690560","2018-10-18 20:12:19","‚ÄúIf we spend our whole time talking about what men have done instead of what women can do, we‚Äôre never going to give the women a chance to do it.‚Äù Sen. Klobuchar today on @TheView #ThursdayThoughts https://t.co/fpPRaolZIK","","30","95"
"Klobuchar","Klobuchar_office","1053006764306821120","2018-10-18 19:35:51","‚ÄúCourage today isn‚Äôt are you going to stand there and give a speech by yourself. Courage is whether you‚Äôre willing to stand next to someone you don‚Äôt always agree with for the betterment of this country.‚Äù Sen. Klobuchar today on @TheView #ThursdayThoughts https://t.co/fpPRaolZIK","","17","84"
"Klobuchar","Klobuchar_office","1052974329984630785","2018-10-18 17:26:58","More Minnesotans turn 65 in next 10yrs than in past 40yrs combined and # of Americans 85+ double in 30yrs. Long-term care costs are also doubling. Sen. Klobuchar's new bill addresses growing needs of MN's elderly &amp; helps caregivers w/education &amp; training: https://t.co/QFkF1SGsiM","","6","21"
"Klobuchar","Klobuchar_office","1052940902858182661","2018-10-18 15:14:08","Sen. Klobuchar will be on @TheView this morning--don't miss the interview this on your local @ABCNetwork channel! @KSTP @ABC6NEWS @wdiowirt @WDAYnews @ksfynews @WXOW","","2","45"
"Klobuchar","Klobuchar_office","1052656275564171269","2018-10-17 20:23:08","MN farmers and ranchers rely on @USDA_NRCS to create conservation plans--critical to protecting our natural resources. Minnesota's NRCS staff has dropped 42% since 2010, hurting farmers across MN. Sen. Klobuchar is probing NRCS for answers to shortage: https://t.co/FXX6Ud4aOV","","9","18"
"Klobuchar","Klobuchar_office","1052211172752183296","2018-10-16 14:54:27","Sen. Klobuchar's bipartisan bill signed into law last week gives prosecutors the support they need to address DNA backlogs and help ensure that criminals are put behind bars, cold cases are put to rest and justice can finally be served: https://t.co/W909ZtEJky","","12","62"
"Klobuchar","Klobuchar_office","1051956485364826112","2018-10-15 22:02:25","Sen. Klobuchar joined hunters in Luverne last weekend for the Governor‚Äôs Pheasant Hunting Opener. Minnesota has a proud hunting heritage--that's why Sen. Klobuchar worked to include increased # of acres in Conservation Reserve Program in Senate Farm Bill. https://t.co/8UoXTu2ngZ","","2","11"
"Klobuchar","Klobuchar_office","1051914249562480640","2018-10-15 19:14:35","Foreign adversaries target our election systems every day. MN was targeted, unsuccessfully, by Russian-affiliated hackers in 2016 election. Sen. Klobuchar's new bill would require vendors to disclose ownership to election officials, protecting integrity: https://t.co/RUS43RLhqy","","22","53"
"Klobuchar","Klobuchar_office","1050887567523106817","2018-10-12 23:14:55","Sen. Klobuchar was w/ MN veterans, their families and medical experts to highlight signing of her bipartisan bill creating Center of Excellence to study burn pits effects and treat veterans who became sick after exposure. Our heroes stories shouldn‚Äôt end like Amie Muller‚Äôs did. https://t.co/2OD0sadQfD","","8","37"
"Klobuchar","Klobuchar_office","1050806425482616834","2018-10-12 17:52:29","Sen. Klobuchar joined @melvincarter3 at #BITCON2018 this AM to celebrate African Americans in the technology industry. As Co-Chair of the Senate Diversifying Tech Caucus, she is championing efforts to increase the number of women and people of color in STEM fields. https://t.co/HPe1MkOLWH","","14","62"
"Klobuchar","Klobuchar_office","1050464160683835393","2018-10-11 19:12:27","No place is immune from the opioid epidemic. The #AngelsOfAddiction art exhibit hosted by @SenatorShaheen is a somber reminder of the suffering of too many families--including people from MN. Sen. Klobuchar is working to expand access to recovery resources and curb drug abuse. https://t.co/1QZsj39PDo","","18","48"
"Klobuchar","Klobuchar_office","1050404369533988864","2018-10-11 15:14:51","Behind every cold case is a victim seeking justice. As a former prosecutor, Sen. Klobuchar understands victims' fear when an attacker remains unknown and at-large. To help prosecute criminals in DNA cold cases, she led bill w/ @JohnCornyn‚Äînow law!
https://t.co/qQHrg6Cl6I","","15","42"
"Klobuchar","Klobuchar_office","1050107753438609408","2018-10-10 19:36:13","üì∫WATCH: Sen. Klobuchar's speech about the need to address climate change: https://t.co/pixs073vKF

""We cannot close our eyes to the climate change that is already happening around us or the devastating consequences to our country that are coming in the years ahead. We must act.‚Äù","","39","105"
"Klobuchar","Klobuchar_office","1050083509518372864","2018-10-10 17:59:52","It‚Äôs #TCSW18! Minnesota is a hotbed of innovation with events like Food Ag Ideas, @ManovaSummit, @MinnesotaCup, and #BITCon2018. Sen. Klobuchar is supporting innovators by working to modernize U.S. IP laws and stopping abusive tactics of patent trolls https://t.co/DE8Ol29dLo","","3","17"
"Klobuchar","Klobuchar_office","1049802924614930432","2018-10-09 23:24:56","Sen. Klobuchar joined small biz owners and entrepreneurs last night to announce @HabitAware as winner of @MinnesotaCup. MN is home to &gt;500,000 small businesses, and she‚Äôs fought in DC to support #SmallBiz by funding the @SBAgov to make tools available to empower leaders. #TCSW18 https://t.co/qncrahomF5","","9","47"
"Klobuchar","Klobuchar_office","1049772921105862656","2018-10-09 21:25:42","For years, Sen. Klobuchar has led a bipartisan push to allow for the year-round sale of E15. Year-round sale of E15 helps farmers, saves families money, and strengthens our homegrown energy economy: https://t.co/tbmBgmpczf","","4","30"
"Klobuchar","Klobuchar_office","1049727807012708352","2018-10-09 18:26:26","On Friday, @mnhealth announced that six MN children had contracted AFM since mid-September--a serious nervous system condition. Sen. Klobuchar is urging @CDCgov Director to expedite agency's investigation and response to the growing # of AFM infections: https://t.co/nzfyDROYdA","","14","29"
"Klobuchar","Klobuchar_office","1049308588529917954","2018-10-08 14:40:37","THIS AM: Sen. Klobuchar in Duluth w/ St. Louis County Attorney Mark Rubin, @DuluthMNPolice, and Patrick Hey discussing SALTS Act. Families are losing loved ones to the opioid crisis, and Klobuchar‚Äôs bill helps law enforcement prosecute criminals dealing dangerous synthetic drugs. https://t.co/EldB5iSCmS","","15","66"
"Klobuchar","Klobuchar_office","1047612980874149889","2018-10-03 22:22:53","Also in today's #FAAReauthorization are provisions pushing back on the bad practice of airlines minimizing passenger seating space at the expense of passenger health, safety and comfort. Sen. Klobuchar also fought to include important customer service and consumer protections.","","15","78"
"Klobuchar","Klobuchar_office","1047612979263524864","2018-10-03 22:22:52","Regional airports are critical to the economy of communities across MN, and today's consumer-focused FAA Reauthorization provides important investments in regional airports and increased funding for small or medium-sized airports in rural parts of MN https://t.co/jVwkHVjR4v","","3","22"
"Klobuchar","Klobuchar_office","1047608632068788224","2018-10-03 22:05:36","Whether it's a teenager on the Iron Range, or a mother on a tribal reservation--no place is immune from the opioid epidemic. 3 of Sen. Klobuchar's bipartisan bills combating epidemic head to the President‚Äôs desk to be signed into law as part of larger bill https://t.co/nk0fDsys9d","","9","59"
"Klobuchar","Klobuchar_office","1047606493862940672","2018-10-03 21:57:06","WATCH: Sen. Klobuchar addresses antitrust enforcement challenges and the need to protect competition at antitrust hearing  https://t.co/vVR70nJkBI","","8","25"
"Klobuchar","Klobuchar_office","1047478106825654272","2018-10-03 13:26:56","Have you gotten your flu shot? Last year was the deadliest flu season in 40 years, killing 80k+ Americans. Sen. Klobuchar just got additional resources to develop an even more effective flu vaccine. You can find where to get a flu shot today by going to https://t.co/TaLESXNic2","","31","172"
"Klobuchar","Klobuchar_office","1046042112863735816","2018-09-29 14:20:48","WATCH: Senator Klobuchar's full speech at yesterday's Supreme Court nomination hearing https://t.co/glD07dBN62","","1490","4278"
"Klobuchar","Klobuchar_office","1045805135287529472","2018-09-28 22:39:09","WATCH: Senator Klobuchar speaks at today‚Äôs Judiciary Committee meeting on the nomination of Judge Kavanaugh to the Supreme Court. https://t.co/9nq7nNdIU3","","354","1461"
"Klobuchar","Klobuchar_office","1045676771050475520","2018-09-28 14:09:04","WATCH: Senator Klobuchar discusses yesterday's Supreme Court nomination hearings on @CBSThisMorning https://t.co/jnuyxJsPwk","","74","376"
"Klobuchar","Klobuchar_office","1044962976623677440","2018-09-26 14:52:42","Congratulations to newlyweds Meagan and Kyle Prahl who stopped by today‚Äôs Minnesota Morning with Sen. Klobuchar on their honeymoon! https://t.co/7VfqDYqfhH","","7","147"
"Klobuchar","Klobuchar_office","1044708079248572417","2018-09-25 21:59:50","Look who we ran into today visiting the Senate! Good to see Denzel Washington doing great work with the Boys &amp; Girls Clubs of America @BGCA_Clubs https://t.co/iuurrvQTYw","","57","501"
"Klobuchar","Klobuchar_office","1044655678122602496","2018-09-25 18:31:37","Today is National Voter Registration Day! Voting is the best way to ensure elected leaders are held accountable and we should be doing everything we can to strengthen this right. Encourage a friend or family member to join you in registering to vote. #RegisterToVote #NVRD","","34","141"
"Klobuchar","Klobuchar_office","1043207154155565057","2018-09-21 18:35:42","Sen. Klobuchar &amp; @SenCapito, co-chairs of the Senate Broadband Caucus, urge the FCC to improve the accuracy of the National Broadband Map by using consumer-reported data to produce maps that more accurately reflect the real experiences of consumers in the places they live &amp; work","","8","43"
"Klobuchar","Klobuchar_office","1042477966662557697","2018-09-19 18:18:10","Sen. Klobuchar &amp; @RoyBlunt just passed a resolution in the Senate recognizing September 25, 2018, as National Voter Registration Day. The resolution encourages each eligible citizen to register to vote, verify their personal information &amp; vote on Nov. 6! #NVRD","","22","79"
"Klobuchar","Klobuchar_office","1042446009207545856","2018-09-19 16:11:10","Great to have you in the office last week! Sen. Klobuchar is continuing to work hard for our farmers in Minnesota! https://t.co/f3z5LiaNf8","","8","32"
"Klobuchar","Klobuchar_office","1042173732670844928","2018-09-18 22:09:15","Last night, the Senate passed the bipartisan Opioid Crisis Response Act of 2018, which includes Sen. Klobuchar‚Äôs SALTS Act with @LindseyGrahamSC &amp; STOP Act with @senrobportman. We must continue to crack down on synthetic opioid abuse.","","4","43"
"Klobuchar","Klobuchar_office","1040682429256744960","2018-09-14 19:23:20","The National Farmers Union awarded Sen. Klobuchar with the 2018 Gold Triangle Award- thanks to @NFUDC for everything THEY do for our nation‚Äôs farmers!","","10","55"
"Klobuchar","Klobuchar_office","1040233146090962946","2018-09-13 13:38:03","ICYMI: Sen. Klobuchar &amp; @SenTinaSmith honored the late, groundbreaking Congresswoman Coya Knutson
https://t.co/0idADrs1Rh","","9","38"
"Klobuchar","Klobuchar_office","1039906148244226048","2018-09-12 15:58:40","Are you celebrating a significant event, like a Girl Scout or Eagle Scout award, anniversary, birthday or retirement? You can request a letter of recognition from Sen. Klobuchar! --&gt; https://t.co/zLAJvDvocH","","8","39"
"Klobuchar","Klobuchar_office","1039204620193738752","2018-09-10 17:31:03","Last week, Sen. Klobuchar &amp; @SenThomTillis led a letter to the Senate &amp; House Appropriations Committee leaders urging them to include legislation to help veterans exposed to toxic burn pits in their final appropriations bill. Learn more: https://t.co/5NddVrEhNU","","9","27"
"Klobuchar","Klobuchar_office","1038119198810140672","2018-09-07 17:37:58","Sen. Klobuchar &amp; @SenJohnThune's bill to help sports medicine passed the Senate! https://t.co/0AqgEQyhso","","8","36"
"Klobuchar","Klobuchar_office","1037912522941259776","2018-09-07 03:56:43","Watch Sen. Klobuchar question Judge Kavanaugh about net neutrality rules at today's Supreme Court confirmation hearing: https://t.co/i0P5u7mR0c","","38","123"
"Klobuchar","Klobuchar_office","1037480979395428352","2018-09-05 23:21:55","Sen. Klobuchar pressed Judge Kavanaugh on consumer protection issues at today's Supreme Court confirmation hearing. Learn more here: https://t.co/yKy4qtEZBm","","31","102"
"Klobuchar","Klobuchar_office","1037463862617026562","2018-09-05 22:13:54","WATCH: Sen. Klobuchar questions Judge Brett Kavanaugh at today's Supreme Court confirmation hearing https://t.co/m7c1QqRJp9","","32","129"
"Klobuchar","Klobuchar_office","1037072420375539712","2018-09-04 20:18:27","Read Sen. Klobuchar's opening statement from today's Supreme Court confirmation hearing for Judge Kavanaugh here: https://t.co/JGu4DSkpjB","","44","129"
"Klobuchar","Klobuchar_office","1037050389781204992","2018-09-04 18:50:55","Sen. Klobuchar's opening statement at the Supreme Court confirmation hearing for Judge Kavanaugh: https://t.co/3D6NhnakRi","","49","166"
"Klobuchar","Klobuchar_office","1034832775214448641","2018-08-29 15:58:54","Each year, Sen. Klobuchar visits all 87 counties in Minnesota. On a recent visit to Kittson County she sat down with business owners in Hallock to discuss local issues. https://t.co/X9zA8D92Cl","","8","46"
"Klobuchar","Klobuchar_office","1034538697377701888","2018-08-28 20:30:20","Today, Sen. Klobuchar &amp; @RoyBlunt introduced a new bill to improve the intercountry adoption process &amp; help every child find a home. https://t.co/rFJYAvxAqJ","","17","52"
"Klobuchar","Klobuchar_office","1034465806804037632","2018-08-28 15:40:42","This week, we honor Sen. John McCain &amp; his heroic service to our country. https://t.co/uxNzfKB0hM","","2","25"
"Klobuchar","Klobuchar_office","1032634501661372416","2018-08-23 14:23:45","We are indebted to our nation‚Äôs heroes. Sen. Klobuchar recently had the honor of presenting one Minnesota veteran‚Äôs Purple Heart https://t.co/qku0uYOH4L","","12","45"
"Klobuchar","Klobuchar_office","1032025587907481600","2018-08-21 22:04:08","Sen. Klobuchar visits all 87 MN counties every year, bringing her to places like Hallock. It's a small town w/ big things going on. Local businesses revitalizing downtown and attracting new visitors. Klobuchar met w/ with local officials and left with a gift, @FarNorthSpirits! https://t.co/DTLz6kq90z","","21","54"
"Klobuchar","Klobuchar_office","1031557528033914882","2018-08-20 15:04:14","Sen. Klobuchar stopped in Fairmont recently to tour @TeamKahler's facility, employing &gt;70 people in tech jobs. The need for broadband, workforce housing and an educated workforce loom large--all things Klobuchar is fighting to expand! https://t.co/yAt6K2NEVH","","1","15"
"Klobuchar","Klobuchar_office","1031299267137339392","2018-08-19 21:58:00","Sen. Klobuchar visited 22 counties over 10 days, with final stop in Park Rapids to present Betty Landa a Purple Heart in honor of her father, Albert Hanson. He was wounded in WWI, but the Purple Heart didn't exist then! Nearly a century later, his heroism gets proper recognition. https://t.co/VQ6dCGlAK2","","5","37"
"Klobuchar","Klobuchar_office","1030539365230039040","2018-08-17 19:38:25",".@ConcLangVillage's International Day is
a celebration of our state's cultural richness, contributing to Minnesota's
strength and vitality. Sen. Klobuchar spoke to participants last week,
encouraging them to continue exploring new languages and cultures. https://t.co/a7xS1HzKSz","","3","12"
"Klobuchar","Klobuchar_office","1030214101195268097","2018-08-16 22:05:56","Since losing his son Caleb in Afghanistan in 2014, Barry Erickson has dedicated his life to serving our veterans and their families. Barry carries on Caleb‚Äôs legacy of courage, and Sen. Klobuchar was in Waseca last week to honor Barry's work. https://t.co/7x1QoqYMgj","","0","16"
"Klobuchar","Klobuchar_office","1030101121191141376","2018-08-16 14:37:00","Sen. Klobuchar has been busy at home--she met w/ officials in Int'l Falls to discuss Koochiching County‚Äôs Borderland Substance Abuse Court. She's working to increase support for programs connecting substance abusers with recovery resources. https://t.co/hF5Wh5eeGa","","1","12"
"Klobuchar","Klobuchar_office","1029448119031918594","2018-08-14 19:22:12","Are you a college student or recent graduate with an interest in public service? We‚Äôre currently accepting applications for internships in Washington, DC &amp; Minnesota. To apply, visit -&gt; https://t.co/Tmilad52Nv","","2","17"
"Klobuchar","Klobuchar_office","1029101382111031296","2018-08-13 20:24:23","RT @HungerSolutions: Hunger is an issue in every corner of Minnesota. Great to see @SenAmyKlobuchar learning more about the issue from the‚Ä¶","","4","0"
"Klobuchar","Klobuchar_office","1027985356698910725","2018-08-10 18:29:42","RT @EMKInstitute: For a @MeetThePress appearance on Sunday, @SenAmyKlobuchar shared her thoughts with moderator @chucktodd on the potential‚Ä¶","","11","0"
"Klobuchar","Klobuchar_office","1027636174695870467","2018-08-09 19:22:11","Sen. Klobuchar‚Äôs bipartisan Firefighter Cancer Registry Act was signed into law! Read here to learn about the importance of this critical bill: https://t.co/QzwTvq5AzH","","7","19"
"Klobuchar","Klobuchar_office","1027222321348702208","2018-08-08 15:57:40","Congress must pass Sen. Klobuchar‚Äôs bipartisan Honest Ads Act to ensure that all major platforms like Facebook that sell political advertisements are held to the same rules of the road as those sold on TV, radio &amp; satellite. Read more from @WashingtonPost here: https://t.co/VzIpQhv6Sn","","12","40"
"Klobuchar","Klobuchar_office","1025037913640321024","2018-08-02 15:17:37","#TBT Sen. Klobuchar met with members of Future Farmers of America to discuss the future of agriculture &amp; the 2018 Farm Bill. @NationalFFA https://t.co/20LK5kvEVj","","7","22"
"Klobuchar","Klobuchar_office","1023660574016790528","2018-07-29 20:04:34","We must make sure states have the tools they need to help improve our election security. I encourage my colleagues to meet with election officials in their states to discuss ways to protect our next elections, including passing the #SecureElectionsAct. #100DaysUntilMidterms https://t.co/uGkTLHV4ok","","30","35"
"Klobuchar","Klobuchar_office","1023633194116149249","2018-07-29 18:15:46","I agree with our intelligence community- Putin ordered attacks against the 2016 election to influence &amp; undermine our democratic process &amp; our upcoming elections are still a target for Russia. We must take action to protect our elections #100DaysUntilMidterms #SecureElectionsAct","","25","52"
"Klobuchar","Klobuchar_office","1023601600009588736","2018-07-29 16:10:13","We know Russia interfered in the 2016 election &amp; they‚Äôre working to disrupt our democracy again. With only #100DaysUntilMidterms, now is the time to act. We must protect our elections from foreign interference &amp; pass the #SecureElectionsAct https://t.co/D1UT1FZs4X","","42","82"
"Klobuchar","Klobuchar_office","1023375299512336391","2018-07-29 01:10:59","The U.S. must defend &amp; respond to cyberattacks against our election infrastructure. Any attack on our election systems by a foreign power is a hostile act and should be met with appropriate retaliatory actions like sanctions. With only #100DaysUntilMidterms, we must act now.","","17","46"
"Klobuchar","Klobuchar_office","1023249229056303104","2018-07-28 16:50:01","Threats against our election infrastructure are a threat to the foundation of our democracy. Securing our elections against foreign interference is a national security priority &amp; Congress must past the #SecureElectionsAct to protect our upcoming elections #100DaysUntilMidterms https://t.co/z0kDyfaaJg","","15","30"
"Klobuchar","Klobuchar_office","1022986277984133120","2018-07-27 23:25:09","Klobuchar Statement Urging Full Release of Documents Relevant to Nomination of Brett Kavanaugh to the Supreme Court: https://t.co/T0WfQc8Gc1","","12","35"
"Klobuchar","Klobuchar_office","1022912325429473280","2018-07-27 18:31:17","Sen. Klobuchar sent a letter to the Consumer Product Safety Commission urging it to take action to protect children from the hazard presented by Mystical Fire flame colorants. In MN, 4 people have been sickened from ingesting the product, whose packaging looks like candy.","","7","12"
"Klobuchar","Klobuchar_office","1022533880849592322","2018-07-26 17:27:29","Sen. Klobuchar &amp; @RonWyden led the @SenateDems in urging @USTreasury to reverse its decision to protect dark money by allowing advocacy groups to hide the identities of their big donors on tax forms. Americans deserve transparency &amp; a political system free from foreign influence.","","13","24"
"Klobuchar","Klobuchar_office","1022144203806203907","2018-07-25 15:39:03","Sen. Klobuchar, @SenatorLeahy &amp; @ChrisCoons just introduced an amendment to the spending bill that would provide additional funds for election security. We can‚Äôt ask states to protect our election infrastructure against foreign attacks without giving them the resources to do it.","","49","117"
"Klobuchar","Klobuchar_office","1021899873925386241","2018-07-24 23:28:10","Sen. Klobuchar &amp; @LindseyGrahamSC introduced a resolution supporting the need to hold President Putin accountable &amp; protect U.S. election systems. Watch her speak about the importance of election security on the Senate floor --&gt; https://t.co/RKKJp8fyuJ","","26","63"
"Klobuchar","Klobuchar_office","1021464258272546816","2018-07-23 18:37:11","RT @SenRubioPress: Amid opioid crisis, @SenAmyKlobuchar and I introduced the Eliminating Kickbacks in Recovery Act, legislation to prohibit‚Ä¶","","17","0"
"Klobuchar","Klobuchar_office","1020392878860881921","2018-07-20 19:39:54",".@JerryMoran &amp; @SenAngusKing just joined Sen. Klobuchar &amp; @SenatorLankford‚Äôs bipartisan Secure Elections Act! Our intelligence community has made clear that Russia is meddling in our elections. Congress must take action &amp; we're building momentum to pass this critical legislation.","","31","90"
"Klobuchar","Klobuchar_office","1020386992964632577","2018-07-20 19:16:31","RT @JECDems: #ICYMI, we featured @SenAmyKlobuchar in our July Member Spotlight. Read about her new Career &amp; Technical Education Research &amp;‚Ä¶","","6","0"
"Klobuchar","Klobuchar_office","1020055397292486656","2018-07-19 21:18:53","Read Sen. Klobuchar‚Äôs statement on the extension of Temporary Protected Status for Somalia: https://t.co/9A4YCk8tvZ","","6","12"
"Klobuchar","Klobuchar_office","1019678803247992832","2018-07-18 20:22:26","Russia meddled in our elections in 2016 &amp; they'll meddle again if Congress doesn't act. Excited to see our bipartisan Secure Elections Act gain more support. We're one step closer to passing this bill to strengthen election cybersecurity &amp; protect against foreign interference. https://t.co/9oioEhyeVP","","22","56"
"Klobuchar","Klobuchar_office","1019269240237510656","2018-07-17 17:14:58","ICYMI: Sen. Klobuchar‚Äôs statement on yesterday‚Äôs Trump-Putin Meeting ‚Üì https://t.co/wPF7u8OEhN","","18","42"
"Klobuchar","Klobuchar_office","1019251119564959744","2018-07-17 16:02:58","Native Americans communities are disproportionately affected by barriers to voting. Today, Sen. Klobuchar held a roundtable with @TomUdallPress, @SenJohnHoeven &amp; Native American leaders to discuss how we can do more to improve Native American voting rights. https://t.co/d7PSWhAUrT","","11","24"
"Klobuchar","Klobuchar_office","1018968911520419845","2018-07-16 21:21:34","Sen. Klobuchar sent a letter with @SenRobPortman asking @StateDept &amp; @DHSgov to extend Temporary Protect Status (TPS) for Somalia. https://t.co/fUSYhAF89m","","7","8"
"Klobuchar","Klobuchar_office","1018956515741458433","2018-07-16 20:32:19","Under current law, DOJ can't stop OPEC &amp; its members from coordinating oil production to manipulate prices &amp; supply, driving up fuel costs for Americans at the pump. Sen. Klobuchar's NOPEC Act w/ @ChuckGrassley will help ensure that U.S. gas prices are fair &amp; affordable","","13","12"
"Klobuchar","Klobuchar_office","1018625928761692160","2018-07-15 22:38:41","Read Senator Klobuchar‚Äôs statement before Monday‚Äôs Trump-Putin meeting in Helsinki ‚Üí https://t.co/RA5DgGzqU1","","23","30"
"Klobuchar","Klobuchar_office","1017428292444573696","2018-07-12 15:19:42","ICYMI Sen. Klobuchar held a roundtable in MN to discuss her bill to provide financial relief for people caring for aging family members. https://t.co/GkUFEZyGQB","","6","13"
"Klobuchar","Klobuchar_office","1017154117255483393","2018-07-11 21:10:14","Sen. Klobuchar spoke at today's Rules Committee hearing on election security with @RoyBlunt, @SenatorLankford &amp; @RonWyden. Watch here to learn more about her bipartisan Secure Elections Act --&gt; https://t.co/mvv1WyNhqq","","7","19"
"Klobuchar","Klobuchar_office","1016769022589898752","2018-07-10 19:40:00","Sen. Klobuchar spoke today at the National Turkey Federation‚Äôs Annual Leadership Conference with @SenThomTillis. Minnesota is the #1 turkey producing &amp; processing state in the U.S! @TurkeyGal #NTFLeaders18 #Turkey","","8","13"
"Klobuchar","Klobuchar_office","1016725425978998785","2018-07-10 16:46:46","Last week, Sen. Klobuchar met with firefighters from the Albert Lea Fire Department to discuss her Firefighter Cancer Registry Act, a bill to study the relationship between firefighting &amp; cancer so we can develop better ways to protect firefighters. It was just signed into law! https://t.co/H16B9x56Tw","","2","10"
"Klobuchar","Klobuchar_office","1016653950798397442","2018-07-10 12:02:45","‚ÄúMost people know what it‚Äôs like to purchase an airline ticket, only to be hit later with hidden fees. My new bill, the Air Travel Ticketing Transparency &amp; Protection Act, will ensure that consumers know the true cost of their ticket, regardless of where they buy it."" -AK","","6","47"
"Klobuchar","Klobuchar_office","1016419626719305731","2018-07-09 20:31:37","‚ÄúCancer has become the leading cause of death for firefighters. Today, our bipartisan Firefighter Cancer Registry Act was signed into law, which will help us collect valuable information to understand why &amp; better protect the people protecting us.""-AK","","22","66"
"Klobuchar","Klobuchar_office","1015277745079767040","2018-07-06 16:54:12","Sen. Klobuchar &amp; @RoyBlunt, co-chairs of the Congressional Coalition on Adoption, introduced bipartisan legislation to protect adopted children from being ""rehomed"" or moved from one home to another w/out appropriate legal procedures‚Äîsomething no child should have to go through.","","2","11"
"Klobuchar","Klobuchar_office","1014936573375340550","2018-07-05 18:18:30","Sen. Klobuchar &amp; @SenJohnThune‚Äôs Sports Medicine Licensure Clarity Act has  passed the Senate Health, Labor, Education &amp; Pensions Committee. The legislation would make clear that covered sports medicine professionals can treat injured players on the road. @HELPCmteDemsSen","","7","12"
"Klobuchar","Klobuchar_office","1014545829754007557","2018-07-04 16:25:49","Happy 4th of July! #IndependenceDay #FourthofJuly https://t.co/281amfAcFw","","5","18"
"Klobuchar","Klobuchar_office","1014155337715404800","2018-07-03 14:34:09","Senator Klobuchar &amp; @SenTinaSmith joined @SenMarkey in calling for the @FCC to establish protections for consumers from unwanted &amp; harassing robocalls &amp; robotexts.","","5","16"
"Klobuchar","Klobuchar_office","1013818537742348288","2018-07-02 16:15:49","Sen. Klobuchar urged pharma company GSK to take action to alleviate the shortage of its shingles vaccine. Every year, there are 1 million cases of shingles &amp; 1/3 of adults will get the disease sometime in their life. The @CDCgov recommends all adults over 50 receive the vaccine.","","6","27"
"Klobuchar","Klobuchar_office","1012480691840446471","2018-06-28 23:39:42","The Farm Bill has passed the Senate! This bipartisan legislation provides certainty to farmers &amp; ranchers, creates an animal disease &amp; disaster program, supports dairy farmers, expands crop insurance &amp; maintains important access to food assistance for families. https://t.co/YIeuSzGhNf","","22","67"
"Klobuchar","Klobuchar_office","1012463394505490433","2018-06-28 22:30:58","Watch Sen. Klobuchar's remarks on Justice Kennedy's retirement and the future of the Supreme Court: https://t.co/AdCMsyH5Uk","","14","39"
"Klobuchar","Klobuchar_office","1012340735415345154","2018-06-28 14:23:34","ICYMI: Sen. Klobuchar joined @NPR's @MorningEdition to talk about the impact of Justice Kennedy's retirement for the Supreme Court: https://t.co/hhsh2Vnw0f","","5","14"
"Klobuchar","Klobuchar_office","1011731067009724421","2018-06-26 22:00:58","Today, Sen. Klobuchar‚Äôs Career &amp; Technical Education Research &amp; Outreach Act was passed by the Senate Health, Education, Labor and Pensions Committee. The bill will help educate students about opportunities for in-demand jobs by involving teachers, counselors &amp; parents.","","9","33"
"Klobuchar","Klobuchar_office","1011637704965095425","2018-06-26 15:49:58","Sen. Klobuchar &amp; @SenThomTillis‚Äô legislation to help veterans who have been exposed to toxic burn pits has passed the Senate! It would create a center of excellence within the VA to better understand the health effects of burn pits &amp; treat veterans who become sick after exposure","","5","17"
"Klobuchar","Klobuchar_office","1011358950267215872","2018-06-25 21:22:18","We only know about this secret political ad because Facebook is voluntarily complying with Sen. Klobuchar‚Äôs Honest Ads Act. We need to pass the Honest Ads Act to ensure that all political ads sold online are covered by the same rules as TV, radio &amp; satellite. https://t.co/qseRUbD9ez","","22","37"
"Klobuchar","Klobuchar_office","1010244763352752129","2018-06-22 19:34:55","RT @axios: Sens. Chuck Grassley and Amy Klobuchar are urging the FTC to increase oversight of biosimilar drug delay tactics: https://t.co/M‚Ä¶","","20","0"
"Klobuchar","Klobuchar_office","1010241060088483840","2018-06-22 19:20:12","Sen. Klobuchar &amp; @ChuckGrassley urged the FTC to examine whether makers of biologic medicines are using anti-competitive strategies like ""pay for delay"" to keep cheaper alternatives off the market, driving up the prices of critical Rx drugs. Learn more: https://t.co/Zb7S579OVm","","7","18"
"Klobuchar","Klobuchar_office","1010152551029800960","2018-06-22 13:28:30","Today is the last day to enroll in the improved Margin Protection Program for Dairy. Don‚Äôt forget to sign up! Learn more here: https://t.co/BZcKQEBCwT","","5","4"
"Klobuchar","Klobuchar_office","1009857550072926211","2018-06-21 17:56:16","Sen. Klobuchar took to the Senate Floor to demand that children &amp; their families who have been separated at the border by the Administration‚Äôs horrific policy be immediately reunited. Watch here: https://t.co/u2cDFDVtTC","","29","86"
"Klobuchar","Klobuchar_office","1009803429257076736","2018-06-21 14:21:13","RT @SenSherrodBrown: Introducing a bill with @SenAmyKlobuchar today to restore the rights of voters and uphold the integrity of our electio‚Ä¶","","68","0"
"Klobuchar","Klobuchar_office","1009614782436167680","2018-06-21 01:51:36","Congrats to the Bad News Babes, the winner of this year‚Äôs Congressional Women‚Äôs Softball Game! Thanks to @CWSoftballGame for another amazing year supporting the Young Survival Coaltion @YSCBuzz @DanaBashCNN https://t.co/JBrX87rVLL","","16","86"
"Klobuchar","Klobuchar_office","1009546883998650368","2018-06-20 21:21:48","At today's Senate Rules Committee hearing on election security, Sen. Klobuchar, Ranking Member of the Committee, urged Senate passage of her bipartisan Secure Elections Act with @SenatorLankford. Watch here: https://t.co/i2h7tMYSts","","9","15"
"Klobuchar","Klobuchar_office","1009498998904934400","2018-06-20 18:11:31","Throwback to last year‚Äôs Congressional Women‚Äôs Softball Game w/ Sen. Klobuchar &amp; fellow announcers @DanaBashCNN &amp; @MitchellReports. Tonight is the 10th annual game supporting the Young Survival Coalition- check back here at 7 pm ET for more! @CWSoftballGame @YSCBuzz https://t.co/hKuIxnHSBf","","11","87"
"Klobuchar","Klobuchar_office","1009468086129479683","2018-06-20 16:08:41","Before today‚Äôs Senate Rules Committee hearing on election security, Sen. Klobuchar &amp; MN Secretary of State @MNSteveSimon talked about the importance of protecting our elections from foreign interference. Watch here: https://t.co/xDgB8Rz7MC","","13","26"
"Klobuchar","Klobuchar_office","1009210310127968256","2018-06-19 23:04:22","ICYMI: Sen. Klobuchar on the wins for Minnesota‚Äôs farmers &amp; rural communities in the 2018 #FarmBill https://t.co/wZ1AqpXzno","","4","7"
"Klobuchar","Klobuchar_office","1008800676653273088","2018-06-18 19:56:38","Sen. Klobuchar is one of the 49 senators who have signed onto the bill to stop the inhumane separation of parents &amp; their children at the border. We must #KeepFamiliesTogether &amp; stop this unacceptable Administration policy.","","30","80"
"Klobuchar","Klobuchar_office","1007680983838134274","2018-06-15 17:47:23","The #FarmBill includes many of Sen. Klobuchar‚Äôs priorities, including: a provision from Sen. Klobuchar‚Äôs American Prairie Conservation Act w/ @SenJohnThune to fix a loophole in the conservation ‚Äúsodsaver program‚Äù to save over $50 million over 10 years","","1","9"
"Klobuchar","Klobuchar_office","1007618991907536897","2018-06-15 13:41:02","""Congratulations to @Cirrus_Aircraft in Duluth for winning this year‚Äôs National Aeronautic Association Collier Trophy!"" -AK","","2","7"
"Klobuchar","Klobuchar_office","1007307984177958912","2018-06-14 17:05:12","‚ÄúWe just passed the CREATES Act, something we worked on very hard for years &amp; we‚Äôre excited because it allows generic competition in the prescription drug market.‚Äù Learn more about the CREATES Act here: https://t.co/2UXhZ1nOLK","","11","21"
"Klobuchar","Klobuchar_office","1007270261442404357","2018-06-14 14:35:19","‚ÄúThe rising cost of prescription drugs is an urgent problem. With the passage of the bipartisan CREATES Act out of the Judiciary Committee, we're one step closer to ending practices that keep generic drugs off the market &amp; drive up prescription drug costs.‚Äù -AK","","5","10"
"Klobuchar","Klobuchar_office","1007263613101531138","2018-06-14 14:08:54","Sen. Klobuchar &amp; @RoyBlunt announced that they will be holding a hearing on election security in the Rules Committee next Wednesday, June 20. As Ranking Member of the Committee, Sen. Klobuchar has been a leader in the fight to protect our elections from foreign interference","","2","10"
"Klobuchar","Klobuchar_office","1007022615511359488","2018-06-13 22:11:15","Watch here to learn more about the 2018 #FarmBill from Sen. Klobuchar: https://t.co/cbBDyPRcez","","8","13"
"Klobuchar","Klobuchar_office","1006971490825396224","2018-06-13 18:48:06","The #FarmBill includes many of Sen. Klobuchar‚Äôs priorities, including: Sen. Klobuchar &amp; @SenJohnThune‚Äôs Agriculture Data Act to improve agriculture data research of conservation practices to help farmers reduce risk and increase profitability.","","2","4"
"Klobuchar","Klobuchar_office","1006951765902876672","2018-06-13 17:29:43","The 2018 bipartisan #FarmBill just passed the Senate Agriculture Committee! Watch Sen. Klobuchar‚Äôs opening remarks here: @SenateAgDems https://t.co/tC3LkO0LQv","","5","14"
"Klobuchar","Klobuchar_office","1006911873630003200","2018-06-13 14:51:12","Sen. Klobuchar was honored to join Iranian author &amp; activist @AlinejadMasih &amp; a panel of award-winning photographers this morning to speak at the 2018 @TheWrap Power Women Breakfast in Washington https://t.co/Rp5lfwWR5x","","3","5"
"Klobuchar","Klobuchar_office","1006889367439396864","2018-06-13 13:21:46","Sen. Klobuchar on AT&amp;T-Time Warner merger: ‚ÄúI urge the Justice Department to take swift action to appeal this judgment to ensure that competition and consumers are protected.‚Äù https://t.co/1NRkNF7dRA","","8","14"
"Klobuchar","Klobuchar_office","1006551048796950529","2018-06-12 14:57:25","The #FarmBill includes many of Sen. Klobuchar‚Äôs priorities, including: investing an additional $100 million to improve affordability and flexibility for small dairy producers.","","1","5"
"Klobuchar","Klobuchar_office","1006272055237586945","2018-06-11 20:28:48","The #FarmBill includes many of Sen. Klobuchar‚Äôs priorities, including: the creation of an animal disease &amp; disaster response program to help address risks to animal health, livestock export markets &amp; industry economic stability, &amp; prevent another outbreak like the 2015 Avian flu","","9","17"
"Klobuchar","Klobuchar_office","1006225297438633986","2018-06-11 17:23:00","Today, the @FCC‚Äôs harmful repeal of #NetNeutrality goes into full effect. The internet should remain fair, open &amp; equal for all who use it &amp; Sen. Klobuchar will continue to work to support our rural communities, consumers &amp; small businesses who rely on it #SaveTheInternet","","6","11"
"Klobuchar","Klobuchar_office","1005501345791643650","2018-06-09 17:26:16","ICYMI: Sen. Klobuchar &amp; @SenJohnKennedy's Social Media Privacy and Consumer Rights Act of 2018 was featured in a @NYTimes article about the future of Facebook &amp; privacy. Read here:
https://t.co/5dVdtxZY0K","","4","10"
"Klobuchar","Klobuchar_office","1005193402307239936","2018-06-08 21:02:37",".@SenateMajLdr‚Äôs Hemp Farming Act was included in the #FarmBill to legalize hemp so it can be sold as an agricultural commodity. Sen. Klobuchar backed the bill, which she discussed w/ Dr. George Weiblen, a hemp researcher from the University of MN @umncbs https://t.co/ZUp98jOK9A","","7","12"
"Klobuchar","Klobuchar_office","1005186813835833350","2018-06-08 20:36:26","Sen. Klobuchar: This is a good Farm Bill that's a result of Democrats &amp; Republicans working together &amp; is critical to moving our economy forward. I'll continue to push this Farm Bill forward to ensure our rural communities have the resources &amp; certainty they need to grow &amp; thrive","","6","14"
"Klobuchar","Klobuchar_office","1005176893446983680","2018-06-08 19:57:01","The bipartisan #FarmBill has been released &amp; includes a strong safety net for farmers, important conservation provisions, legislation to protect our farm animals from disease &amp; our farmers from economic hardship, &amp; support for dairy farmers.","","1","6"
"Klobuchar","Klobuchar_office","1004823725362040832","2018-06-07 20:33:39","Happy National Seersucker Day from Sen. Klobuchar @SenatorHassan @BillCassidy  @SenatorWicker @SenCapito @lisamurkowski @SenMikeLee &amp; the entire U.S. Senate! https://t.co/lXdjV65hEc","","7","40"
"Klobuchar","Klobuchar_office","1004782389787324417","2018-06-07 17:49:24","Millions of families are coping with the challenges &amp; costs of caring for elderly parents. Sen. Klobuchar introduced the Americans Giving Care to Elders (AGE) Act with @SenCortezMasto &amp; @maziehirono to provide families with a tax credit to help offset elder care expenses. https://t.co/igUv4DmMLz","","12","33"
"Klobuchar","Klobuchar_office","1004759906346467328","2018-06-07 16:20:03","Sen. Klobuchar met with members of the MN Nature Conservancy Board to discus the importance of protecting our environment &amp; their shared commitment to preserving our natural resources for generations to come. @nature_org https://t.co/vXlauh2oO5","","6","19"
"Klobuchar","Klobuchar_office","1004466890650144769","2018-06-06 20:55:43","Sen. Klobuchar joined the @minnesotalynx today to celebrate their 4th @WNBA championship with a day of service at @PayneDCPS. An amazing season celebrated with an amazing event helping hundreds of elementary students! https://t.co/kNnn9pJUAc","","40","284"
"Klobuchar","Klobuchar_office","1004464209235791875","2018-06-06 20:45:04","The @minnesotalynx had another phenomenal season last year, but the leadership they demonstrated today goes beyond the basketball court. By choosing to celebrate their 4th @WNBA championship by helping hundreds of students, they showed us what it really means to be a champion.-AK https://t.co/7NFeXg6XXD","","3","17"
"Klobuchar","Klobuchar_office","1004412087802777600","2018-06-06 17:17:57","This one isn‚Äôt for the birds- June is Turkey Lovers Month! As the #1 producer of turkey in the U.S., Minnesota is proud to serve - and eat! ‚Äì turkey all year long. @MinnesotaTurkey","","12","24"
"Klobuchar","Klobuchar_office","1004084025399676929","2018-06-05 19:34:21","Great to see my colleague @SenTinaSmith give her first speech today. Worth a watch! -AK https://t.co/faloqsiUEF","","3","7"
"Klobuchar","Klobuchar_office","1004059959754096642","2018-06-05 17:58:43","To ensure that rural businesses can compete in the global economy, Sen. Klobuchar &amp; @SenJohnHoeven introduced the Promoting Rural Exports Act to provide support to rural businesses &amp; help them export their products to international markets. Learn more: https://t.co/Z5glqauJgJ","","3","12"
"Klobuchar","Klobuchar_office","1003739193279959040","2018-06-04 20:44:06","The Ag Data Act will ensure hardworking farmers are able to capitalize on the United States Department of Agriculture‚Äôs vast resources to streamline their operations, enhance yields &amp; increase profits. Read more ‚¨áÔ∏è https://t.co/tVfDaROUkN","","3","8"
"Klobuchar","Klobuchar_office","1002566052310548480","2018-06-01 15:02:28","‚ÄúWhat does antitrust law have to do with our economy? The answer is everything.‚Äù Watch more of Sen. Klobuchar‚Äôs speech on antitrust here: https://t.co/dMrScbS3G2","","9","21"
"Klobuchar","Klobuchar_office","1002305837300371456","2018-05-31 21:48:28","In honor of Military Appreciation Month, learn more about Sen. Klobuchar @SenJohnKennedy @JohnCornyn @Sen_JoeManchin &amp; @TimKaine‚Äôs bipartisan Support our Military Spouses Act, a bill to ease the relocation process frequently required of military families: https://t.co/gc5ZMZaTsz","","7","10"
"Klobuchar","Klobuchar_office","1002263588873166848","2018-05-31 19:00:35","Welcome to the official Twitter of Senator Amy Klobuchar! Follow here to learn about her work in the Senate for the people of Minnesota.","","1","12"
"Klobuchar","Klobuchar_office","1001948484151455745","2018-05-30 22:08:28","Sen. Klobuchar led 18 senators in a letter urging National Security Advisor @AmbJohnBolton not to eliminate the role of Cybersecurity Coordinator. #Cyberattacks- like those from Russia- are on the rise &amp; eliminating this role won't help prevent our enemies from attacking again","","9","13"
"Klobuchar","Klobuchar_office","1001453237034213377","2018-05-29 13:20:32","The bipartisan SALTS Act passed the Senate Judiciary Committee last week! It would make it easier to prosecute the sale &amp; distribution of analogue drugs. Thank you to @LindseyGraham @SenFeinstein @ChuckGrassley @SenWhitehouse @JohnCornyn @SenBlumenthal @SenThomTillis @MarkWarner! https://t.co/fXU4wVQQr1","","9","25"
"Klobuchar","Klobuchar_office","1001168247943847937","2018-05-28 18:28:05","Sen. Klobuchar joined veterans from across MN at Ft. Snelling National Cemetery this #MemorialDay. Today we reflect on how we honor our fallen heroes and how to best treat those heroes still with us. Thank you to the thousands of brave Minnesotans who have served our country. https://t.co/gb0nfrWz1U","","5","18"
"Klobuchar","Klobuchar_office","1000030421688684544","2018-05-25 15:06:46","Happy birthday Amy! üéÇ https://t.co/O5ZGO9fp6Z","","8","44"
"Klobuchar","Klobuchar_office","999727470491422720","2018-05-24 19:02:57","#BREAKING üö®: Sen. Klobuchar &amp; @RoyBlunt‚Äôs workplace harassment and discrimination reform bill just passed the Senate! https://t.co/31Kxgq9uYb","","10","22"
"Klobuchar","Klobuchar_office","999654716513701889","2018-05-24 14:13:51","Minnesotans of all ages can enjoy ""Minnesota Mornings"" in Washington! Be sure to tag your photos with Senator Klobuchar here &amp; follow us for more news on her work in the Senate! https://t.co/sFju57zInh","","3","18"
"Klobuchar","Klobuchar_office","999335460936790017","2018-05-23 17:05:15","This bill would also not have been possible without the help of Rules Committee Members @SenFeinstein @SenCortezMasto @SenCapito @SenatorFischer whose dedication to this issue was critical to getting it done. ‚ÄìAK","","34","78"
"Klobuchar","Klobuchar_office","999335460085387266","2018-05-23 17:05:15","For too long victims of sexual harassment in the Senate have been forced into a process stacked against them. Thanks to @RoyBlunt @SenSchumer @SenateMajLdr @SenGillibrand @PattyMurray @McCaskillOffice for your leadership in changing this process to help victims seek justice. ‚ÄìAK","","19","41"
"Klobuchar","Klobuchar_office","999279298409304064","2018-05-23 13:22:05","Workplace harassment affects too many men &amp; women in too many places, including Congress. This bipartisan legislation will help bring accountability &amp; transparency to a broken process, ensure victims of harassment can seek justice &amp; hold Members of Congress accountable. ‚ÄìAK","","47","151"
"Klobuchar","Klobuchar_office","999279188992552960","2018-05-23 13:21:39","The legislation would reform the dispute resolution process, protect workers, increase transparency &amp; hold Members of Congress accountable. Learn more here: https://t.co/bWJYpOk0F5","","1","4"
"Klobuchar","Klobuchar_office","999279188090728448","2018-05-23 13:21:38","#BREAKING üö®: Sen. Klobuchar &amp; @RoyBlunt just announced bipartisan legislation to reform the process to pursue claims of sexual harassment or other workplace discrimination experienced on Capitol Hill.","","3","6"
"Klobuchar","Klobuchar_office","998945163102781440","2018-05-22 15:14:21","Last week, the Senate voted to protect net neutrality rules. Read here to learn why Sen. Klobuchar won‚Äôt stop fighting to protect a free &amp; fair internet: https://t.co/dUyXoAfcas","","4","14"
"Klobuchar","Klobuchar_office","998665487897817088","2018-05-21 20:43:01","Millions of Americans suffer from eating disorders in their lives, but only 1/10 people receive treatment. Sen. Klobuchar, @SenatorBaldwin &amp; @SenCapito urged HHS to implement training &amp; education programs authorized by the 21st Cures Act to identify &amp; treat eating disorders","","10","38"
"Klobuchar","Klobuchar_office","997206276869419008","2018-05-17 20:04:38","In a Judiciary Committee hearing w/ Cambridge Analytica whistleblower Christopher Wylie, Sen. Klobuchar highlighted her bipartisan bills, the Honest Ads Act &amp; the Social Media Privacy Protection &amp; Consumer Rights Act. Watch here: https://t.co/DlSgkfO0bD","","10","25"
"Klobuchar","Klobuchar_office","996760507917971456","2018-05-16 14:33:18","Today, the Senate is taking a vote to restore net neutrality protections. The internet should remain open and equal for all who use it #NetNeutrality","","4","29"
"Klobuchar","Klobuchar_office","996541539613642752","2018-05-16 00:03:12","RT @alsassociation: Advocates from @ALSA_MNNDSD are waiting to share #OurALSStory and thank @SenAmyKlobuchar for co-sponsoring the ALS Disa‚Ä¶","","6","0"
"Klobuchar","Klobuchar_office","996506743294320641","2018-05-15 21:44:56","Thanks to all the law enforcement officers in the Minnesota Fraternal Order of Police for everything you do to keep us safe @MNFOP #NationalPoliceWeek https://t.co/q1pJvhy2vK","","1","6"
"Klobuchar","Klobuchar_office","996458092438138880","2018-05-15 18:31:37","Our current flu vaccine is only 60% effective at best &amp; the flu costs our country billions each year. In a letter, Sen. Klobuchar &amp; @SenMarkey called on the President to support their Flu Vaccine Act to finally find a more effective &amp;longer lasting approach to preventing the flu","","12","24"
"Klobuchar","Klobuchar_office","995372403650899968","2018-05-12 18:37:28","Sen. Klobuchar joined @NSmithholt12, @epmurphymn, @LaurieHalverson &amp; many Minnesotans at the Affordable Insulin Rally at the state Capitol to advocate for real action to bring down the skyrocketing cost of prescription drugs like insulin #insulin4all","","24","47"
"Klobuchar","Klobuchar_office","995048501187956737","2018-05-11 21:10:24","Sen. Klobuchar &amp; @SenatorMenendez's Firefighter Cancer Registry Act passed the Senate! This bipartisan legislation will create a national cancer registry &amp; provide the information we need to protect our firefighters from health risks","","1","2"
"Klobuchar","Klobuchar_office","995022141027479552","2018-05-11 19:25:39","Sen. Klobuchar joined @AbbyHonold to discuss the reauthorization of the Violence Against Women Act, critical legislation to continue to support victims &amp; help law enforcement combat domestic violence #VAWA https://t.co/lwhLIHajk2","","0","3"
"Klobuchar","Klobuchar_office","994656624508854273","2018-05-10 19:13:13","Sen. Klobuchar, @SenBlumenthal &amp; @SenatorBaldwin wrote to the CEO of NextSource Pharmaceuticals demanding the company take immediate steps to lower the price of the life-saving cancer drug Lomustine, which used to cost $50 but has skyrocketed by 1,400% in the last 5 years. https://t.co/399FxCeenU","","4","11"
"Klobuchar","Klobuchar_office","994637446947237888","2018-05-10 17:57:01","We can start by unleashing the bargaining power of the nearly 41 million seniors enrolled in Medicare Part D. That‚Äôs why Sen. Klobuchar introduced legislation to allow Medicare to negotiate the best possible price for prescription drugs.","","32","104"
"Klobuchar","Klobuchar_office","994637442543210504","2018-05-10 17:57:00","Sen. Klobuchar spoke at a press conference today w/ @SenSchumer, @SenSanders, @WydenPress &amp; @HouseDemocrats to address the skyrocketing costs of prescription drugs &amp; discuss her ideas to get all Americans a better deal on prescription drug costs. https://t.co/5b8x5SqB9x","","23","67"
"Klobuchar","Klobuchar_office","994637441695961090","2018-05-10 17:57:00","In the U.S., drug prices are generally higher than in any other developed nation. For too many Americans, these prices are a matter of life or death.","","149","449"
"Klobuchar","Klobuchar_office","994265854517940229","2018-05-09 17:20:26","Net neutrality is the bedrock of a fair, fast &amp; open internet. Today, Sen. Klobuchar is joining @SenMarkey to bring a vote on restoring #NetNeutrality to the Senate floor. Consumers should be in charge of determining the future of the internet. #SaveTheInternet #OneMoreVote https://t.co/TaF76SidK3","","212","335"
"Klobuchar","Klobuchar_office","994228557814607873","2018-05-09 14:52:14","#NetNeutrality #OneMoreVote #SaveTheInternet https://t.co/eQN44JvKL5","","36","75"
"Klobuchar","Klobuchar_office","993854226831900672","2018-05-08 14:04:47","Sen. Klobuchar led a group of senators in calling on the FCC and DOJ to review whether T-Mobile‚Äôs acquisition of Sprint will hurt competition and harm consumers. Learn more here: https://t.co/waopQq4fE8","","1","4"
"Klobuchar","Klobuchar_office","989566613899882497","2018-04-26 18:07:20","Every Thursday when the Senate is in session, Sen. Klobuchar hosts ‚ÄúMinnesota Morning,‚Äù a chance for Minnesotans visiting DC to hear first-hand accounts of her work in the Senate, meet staff, take photographs w/the Senator &amp; enjoy local MN treats. RSVP: https://t.co/aZLT1MGZAO https://t.co/kepFwJVjqR","","1","4"
"Klobuchar","Klobuchar_office","989251358699204608","2018-04-25 21:14:37","Sen. Klobuchar met with @JessDiggs, cross-country skier, Olympic gold medalist &amp; Minnesotan. At the Winter Games, Jessie won Team USA‚Äôs first ever gold medal in cross-country skiing &amp; the first of any kind for the U.S. women's team ‚õ∑Ô∏è https://t.co/oNi6O5gQv5","","1","9"
"Klobuchar","Klobuchar_office","989226843583713285","2018-04-25 19:37:13","Sen. Klobuchar &amp; the entire MN Congressional Delegation competed in the 8th Annual MN Congressional Delegation Hotdish Competition. While it may be a little cheesy (literally), it‚Äôs a great chance to come together over a delicious meal. Congrats @RepTomEmmer, this year‚Äôs winner! https://t.co/MlmXvYirsQ","","2","5"
"Klobuchar","Klobuchar_office","988865307648430081","2018-04-24 19:40:36","Sen. Klobuchar &amp; @SenJohnKennedy introduced legislation to protect consumers‚Äô online data. The bipartisan bill would require companies to make privacy disclosures more transparent, give consumers the right to control their data &amp; require notifications of violations w/in 72 hours https://t.co/PScj9ckX6E","","2","4"
"Klobuchar","Klobuchar_office","987428906406948864","2018-04-20 20:32:51","For the second anniversary of his death, Sen. Klobuchar honored Prince on the Senate floor. Musician, composer, innovator, and cultural icon, #Prince was always proud to call Minnesota home. Watch the speech here: https://t.co/iK8Gb7rqH0","","0","5"
"Klobuchar","Klobuchar_office","986987456867299328","2018-04-19 15:18:41","Sen. Klobuchar called for the quick passage of @SenDuckworth‚Äôs resolution to allow infants on the Senate floor. With a record 23 women serving in the Senate &amp; more running, this resolution will make the Senate a better workplace: https://t.co/uicDvF4yqH","","3","6"
"Klobuchar","Klobuchar_office","984061058699718656","2018-04-11 13:30:14","At yesterday‚Äôs Judiciary &amp; Commerce Joint Hearing, Sen. Klobuchar questioned Mark Zuckerberg about transparency on Facebook, Cambridge Analytica &amp; her bipartisan bill w @MarkWarner &amp; @SenJohnMcCain, the #HonestAds Act. Watch here: https://t.co/GxzSY7uuvT","","1","5"
"Klobuchar","Klobuchar_office","976869965461639170","2018-03-22 17:15:23","RT @SenSchumer: Thanks to the work of Senator @klobucharoffice, ‚ÄúKevin and Avonte‚Äôs Law‚Äù will become a reality &amp; we‚Äôll take a vital first s‚Ä¶","","61","0"
"Klobuchar","Klobuchar_office","976579848431984640","2018-03-21 22:02:34","Senator Klobuchar questioned auto safety experts at yesterday's Commerce Committee hearing on Takata‚Äôs defective airbags‚Äîa safety feature that turned deadly. Watch here: https://t.co/fafvSG3JF1","","1","10"
"Klobuchar","Klobuchar_office","976529548513857536","2018-03-21 18:42:42","Sen. Klobuchar spoke at today‚Äôs hearing on the Violence Against Women Act reauthorization in support of her bipartisan Abby Honold Act. This bill w @JohnCornyn would establish trauma-informed training programs for law enforcement: https://t.co/rWOUWrNGzf","","6","19"
"Klobuchar","Klobuchar_office","974741361772646400","2018-03-16 20:17:05","On March 31, Liberians in MN &amp; across the country will lose their Deferred Enforced Departure (DED) status if the Administration doesn‚Äôt act to extend this deadline. Yesterday, Sen. Klobuchar spoke in support of protecting this important community: https://t.co/4BlTA164aK","","9","11"
"Klobuchar","Klobuchar_office","974672717361438726","2018-03-16 15:44:19","On Tuesday, Sen. Klobuchar joined @SenWhitehouse to urge Congress, &amp; the world, to wake up to the threats of climate change. 
#TimeToWakeUp https://t.co/kQ9WCEmEDr","","35","87"
"Klobuchar","Klobuchar_office","974405759843946498","2018-03-15 22:03:31","Sen. Klobuchar spoke on the Senate floor today about her bipartisan bill w/ @SenJohnKennedy @TimKaine @Sen_JoeManchin &amp; @JohnCornyn
to ease the relocation process for military families. They give so much &amp; this is a simple thing we can do to help https://t.co/F9obnGXea6","","7","21"
"Klobuchar","Klobuchar_office","974381193402769410","2018-03-15 20:25:54","On the Senate floor today, Sen. Klobuchar said, ‚ÄúIt took 14 months, multiple indictments, &amp; a poisoning in Britain, but the Administration is finally imposing the sanctions passed by the Senate &amp; House last year. But it is not enough."" Watch here for more: https://t.co/qVdTqhJXDI","","162","435"
"Klobuchar","Klobuchar_office","971811384714518529","2018-03-08 18:14:24","Tuesday, on the first federal primary #ElectionDay of 2018, Senator Klobuchar spoke on the Senate Floor to urge Congress to safeguard the most fundamental part of our democracy- fair elections. Watch here: https://t.co/gNpTniODRO","","2","12"
"Klobuchar","Klobuchar_office","971147147444830209","2018-03-06 22:14:57","Sen. Klobuchar spoke yesterday at the #IAFFLegCon and called for passage of the National Firefighter Registry Act to track &amp; monitor cancer diagnoses and treatments. @IAFFNewsDesk https://t.co/iOuEspD0y7","","8","28"
"Klobuchar","Klobuchar_office","969370300851859456","2018-03-02 00:34:24","Today, Sen. Klobuchar &amp; @SenTinaSmith celebrated the Minnesotans who competed at the Winter Olympics. MN produces some of the most talented Olympians &amp; our 23 athletes proved that to the world in PyeongChang w/ 14 individual medals (13 gold &amp; a bronze)! https://t.co/T1J45meL9x","","1","5"
"Klobuchar","Klobuchar_office","968627587164573701","2018-02-27 23:23:07","Today, Sen. Klobuchar stood w/ colleagues in the Senate &amp; House to introduce a bill to reinstate net neutrality. Only one more vote is needed to pass the bill in the Senate &amp; save a free &amp; open internet #SavetheInternet #OneMoreVote https://t.co/RTPpaFC4i3","","2","9"
"Klobuchar","Klobuchar_office","967137455790067712","2018-02-23 20:41:52","Last week, Senator Klobuchar gave the keynote address at @amprog to discuss election security &amp; ways to protect our future elections from Russian interference. Watch here: https://t.co/EZsMnf5piY","","1","7"
"Klobuchar","Klobuchar_office","962471940328960000","2018-02-10 23:42:47","Sen Klobuchar joined Iowa‚Äôs @ChuckGrassley &amp; @SenJoniErnst to support Bill Northey‚Äôs nomination to the Depart. of Ag. As the senator said, ‚ÄúThe Senate should not be a place where someone of this qualification should be blocked for this important position.‚Äù https://t.co/V6v4XAF9tA","","0","5"
"Klobuchar","Klobuchar_office","961637430611804160","2018-02-08 16:26:44","Watch Senator Klobuchar‚Äôs keynote address to the @NetEdFound's State of the Net conference. #SOTN2018 https://t.co/zRtlh1p9Ni","","0","2"
"Klobuchar","Klobuchar_office","961361025688834048","2018-02-07 22:08:24","On the Senate floor today, Senator Klobuchar spoke on the need to take action *now* to protect our elections from foreign interference.
https://t.co/ladta8eit5","","0","5"
"Klobuchar","Klobuchar_office","956316064614420480","2018-01-25 00:01:31","The Super Bowl is just over a week away, which means so are about a million visitors to MN. That‚Äôs why Sen. Klobuchar questioned the head of TSA on what steps they‚Äôre taking to ensure airports can efficiently handle the increase in passengers. Watch here: https://t.co/bXYNpKEhZU","","0","3"
"Klobuchar","Klobuchar_office","951642736515538945","2018-01-12 02:31:23","A bipartisan group of Senators announced they reached an agreement on immigration. Check out Sen. Klobuchar‚Äôs speech on how important it is for Congress to pass the Dream Act. #Dreamers https://t.co/xicsrf38dO","","0","2"
"Klobuchar","Klobuchar_office","950795458062028801","2018-01-09 18:24:36","Today Senator Klobuchar joined @SenMarkey and others to talk about the importance of getting their legislation to reinstate #NetNeutrality a vote on the floor of the Senate. Congress must keep fighting to protect free and open internet. https://t.co/j6StjIAjmo","","0","2"
"Klobuchar","Klobuchar_office","950790112719368192","2018-01-09 18:03:22","The @FCC may have voted to end #NetNeutrality, but Congress can still take action. Here's Senator Klobuchar‚Äôs floor speech on why we must make sure our internet stays fair, free, and open. https://t.co/Y7yyq1H6aB","","0","1"
